Ingredient,Count
salt,491
sugar,339
butter,311
water,221
onion,209
flour,199
eggs,194
milk,168
pepper,145
garlic,135
baking powder,127
olive oil,124
egg,98
cinnamon,97
all-purpose flour,96
lemon juice,88
brown sugar,82
tomatoes,79
baking soda,78
margarine,76
garlic cloves,67
nutmeg,64
vanilla,63
celery,61
parsley,61
onions,59
black pepper,55
soy sauce,51
parmesan cheese,50
cornstarch,49
sour cream,49
ginger,44
potatoes,43
vanilla extract,42
paprika,41
cumin,38
fresh parsley,38
chicken,37
bacon,37
granulated sugar,36
green pepper,35
Worcestershire sauce,35
carrot,35
unsalted butter,34
mayonnaise,34
raisins,33
lemon,33
honey,32
cream cheese,32
carrots,31
chili powder,31
oregano,31
buttermilk,31
garlic clove,31
heavy cream,30
cheddar cheese,30
garlic powder,27
green onions,26
chicken broth,25
curry powder,25
vinegar,25
zucchini,24
walnuts,24
lime juice,23
shortening,23
cayenne pepper,23
beef,23
tomato sauce,22
green onion,21
tomato paste,21
clove,20
rind of,20
mozzarella cheese,20
powdered sugar,20
fresh lemon juice,19
white pepper,19
pecans,19
whole wheat flour,19
rice,19
cornmeal,18
bay leaf,18
fresh ginger,18
brandy,18
dry mustard,18
allspice,17
monterey jack cheese,17
coconut,16
boiling water,16
fresh dill,16
extra virgin olive oil,16
dry white wine,16
basil,16
cucumber,16
apples,16
red bell pepper,16
lemons,15
mushrooms,15
skim milk,15
dried oregano,15
red wine vinegar,14
confectioners' sugar,14
mushroom,14
sherry wine,14
red wine,14
cheese,14
fresh cilantro,14
cilantro,13
white wine,13
cider vinegar,13
dry sherry,13
fresh basil,13
feta cheese,13
light brown sugar,12
evaporated milk,12
canola oil,12
sesame seeds,12
sweet potatoes,12
plain yogurt,11
boneless skinless chicken breast halves,11
swiss cheese,11
thyme,11
scallions,11
sharp cheddar cheese,11
orange,11
green bell pepper,11
ketchup,10
chives,10
shrimp,10
turmeric,10
chicken breasts,10
chicken breast,10
Dijon mustard,10
potato,10
red onion,10
ham,10
yellow cornmeal,10
zest of,9
fresh mushrooms,9
instant coffee,9
pineapple,9
dark brown sugar,9
apple,9
half-and-half,9
gingerroot,9
cloves,9
fresh thyme,9
rolled oats,9
boneless skinless chicken breasts,9
self raising flour,9
dried basil,9
kosher salt,9
lime,9
cornflour,9
dried thyme,9
mace,8
rice vinegar,8
red pepper flakes,8
cake flour,8
Tabasco sauce,8
caster sugar,8
rosemary,8
ground beef,8
corn,8
lettuce,8
cucumbers,8
boneless skinless chicken breast,8
currants,8
plum tomatoes,8
frozen spinach,8
bananas,8
beef broth,8
prepared mustard,8
light corn syrup,7
cayenne,7
baking potatoes,7
sage,7
oranges,7
shallots,7
active dry yeast,7
coconut milk,7
seasoning salt,7
green chilies,7
fresh lime juice,7
dry red wine,7
of fresh mint,7
black olives,7
turkey,7
lean beef,7
corn tortillas,7
pumpkin,7
peppercorns,6
cumin seed,6
long-grain rice,6
cabbage,6
pecan halves,6
white sugar,6
black beans,6
scallion,6
flour tortillas,6
marjoram,6
blueberries,6
plain flour,6
golden syrup,6
parsley flakes,6
lemon pepper,6
low sodium chicken broth,6
red onions,6
egg substitute,6
chocolate chips,6
peanuts,6
light soy sauce,6
bean sprouts,6
mint,6
phyllo dough,6
celery seed,6
tarragon,6
acorn squash,6
ripe olives,6
molasses,6
strawberry,6
icing sugar,6
vegetable shortening,6
fresh rosemary,6
green peppers,6
catsup,6
onion powder,6
cinnamon stick,5
applesauce,5
dried thyme leaves,5
brewed coffee,5
real vanilla,5
marshmallows,5
romano cheese,5
garam masala,5
cinnamon sticks,5
beets,5
cracked black pepper,5
broccoli,5
spaghetti,5
fresh chives,5
short-grain rice,5
ginger ale,5
Velveeta cheese,5
canned tomatoes,5
pimientos,5
miniature marshmallows,5
green beans,5
white vinegar,5
avocado,5
nam pla,5
pears,5
raspberries,5
Chinese cabbage,5
pine nuts,5
fresh spinach,5
unbleached flour,5
mustard,5
hamburger,5
tuna,5
kidney beans,5
ground ginger,5
fresh coriander,5
long grain rice,5
couscous,5
spinach,5
dill,5
dried rosemary,5
dried dill,5
yellow onion,5
white wine vinegar,5
lean ground beef,5
red bell peppers,5
pure maple syrup,5
head of cabbage,5
poppy seed,4
cashews,4
maple syrup,4
button mushrooms,4
marsala,4
roma tomatoes,4
ricotta cheese,4
Italian sausage,4
Bourbon,4
wine vinegar,4
corn syrup,4
bay leaves,4
chicken pieces,4
dried sage,4
fettuccine,4
bread flour,4
bell pepper,4
instant vanilla pudding,4
nonfat sour cream,4
dill weed,4
chicken livers,4
shallot,4
beer,4
chili sauce,4
fresh lemongrass,4
water chestnut,4
chicken breast halves,4
phyllo pastry,4
orange zest,4
yogurt,4
apricots,4
apple cider,4
pineapple chunks,4
mango,4
vodka,4
fresh pepper,4
green olives,4
whole kernel corn,4
coffee,4
mixed spice,4
frozen strawberries,4
cream of tartar,4
leek,4
green peas,4
yellow bell pepper,4
cauliflower floret,4
cottage cheese,4
sausage,4
tomato juice,4
leeks,4
dried oregano leaves,4
pumpkin puree,4
boneless chicken,3
basmati rice,3
eggplant,3
low sodium soy sauce,3
mustard powder,3
cardamom pods,3
black peppercorns,3
whole cloves,3
golden raisin,3
Bisquick baking mix,3
frozen blueberries,3
fresh corn kernels,3
fresh parsley leaves,3
caraway seed,3
peas,3
stewed tomatoes,3
bell peppers,3
vanilla flavoring,3
seedless grapes,3
blue cheese,3
basil leaves,3
oregano leaves,3
fresh basil leaf,3
dark rum,3
lamb,3
plain low-fat yogurt,3
smoked ham,3
fresh blueberries,3
five-spice powder,3
white flour,3
cherry tomatoes,3
sultana,3
nonfat cottage cheese,3
orange marmalade,3
raw potatoes,3
Minute Rice,3
chicken parts,3
boneless chicken breast,3
spring onion,3
tomato puree,3
boneless chicken breasts,3
dates,3
soymilk,3
jalapeno chile,3
barbecue sauce,3
plums,3
vanilla ice cream,3
banana,3
baking chocolate,3
green bell peppers,3
lemon slice,3
port wine,3
lime rind,3
part-skim ricotta cheese,3
Grand Marnier,3
serrano chilies,3
romaine lettuce,3
frozen raspberries,3
lemon zest,3
heavy whipping cream,3
lemon wedge,3
low-fat cheddar cheese,3
whole tomatoes,3
pork,3
cooking apples,3
1% low-fat milk,3
fat free cream cheese,3
mascarpone,3
ladyfingers,3
frozen corn,3
cocoa powder,3
haracter(0,3
vanilla bean,3
granny smith apples,3
lowfat mozzarella cheese,3
English cucumber,3
frozen corn kernels,3
cauliflower florets,3
salmon fillets,3
plain nonfat yogurt,3
ketjap manis,3
crushed pineapple,3
peanut butter,3
rubbed sage,3
anchovy fillets,3
horseradish,3
dried marjoram,3
poppy seeds,3
water chestnuts,3
nectarines,3
ground cumin,3
garbanzo beans,3
hard-boiled eggs,3
fresh black pepper,3
low-fat sour cream,3
medium-dry sherry,3
skinless chicken breasts,3
walnut pieces,3
chicken thighs,3
elbow macaroni,3
fresh tomatoes,3
Accent seasoning,3
Cool Whip,3
hoisin sauce,3
red chilies,3
dark soy sauce,3
fish sauce,3
minute tapioca,3
saffron,2
whole coriander seed,2
avocados,2
Burgundy wine,2
French baguette,2
fresh basil leaves,2
plum tomato,2
sun-dried tomato,2
dark molasses,2
dry yeast,2
chicken bouillon cubes,2
fine salt,2
sauerkraut,2
vanilla essence,2
brown rice,2
broccoli floret,2
grapefruit juice,2
tomato sauce with onion,2
red capsicums,2
cumin seeds,2
fennel seeds,2
halibut steaks,2
Spanish onion,2
ham slices,2
flat leaf parsley,2
rum,2
cannellini beans,2
asparagus,2
smoked salmon,2
bread machine yeast,2
piri-piri,2
radish,2
pimiento,2
peppercorn,2
cognac,2
part-skim mozzarella cheese,2
fresh garlic,2
dried currant,2
cracked pepper,2
unsweetened coconut milk,2
live lobsters,2
bamboo shoot,2
chipotle pepper,2
napa cabbage,2
maraschino cherries,2
tapioca,2
chocolate,2
English muffins,2
distilled white vinegar,2
fresh tarragon,2
firm tofu,2
whole wheat pastry flour,2
pear,2
green onion top,2
lamb chops,2
dried dill weed,2
kasseri cheese,2
raw carrot,2
palm sugar,2
Belgian endive,2
turkey Polish kielbasa,2
cauliflower,2
herbs,2
fresh pineapple,2
strawberries,2
chicken wings,2
muenster cheese,2
fat-free chicken broth,2
fat free parmesan,2
cumin powder,2
whole cumin seed,2
msg,2
pure vanilla extract,2
oatmeal,2
fat-free parmesan cheese,2
celery ribs,2
low-fat mayonnaise,2
marsala wine,2
bittersweet chocolate,2
powdered ginger,2
eggplants,2
mild cheddar cheese,2
tamarillos,2
chicken drumsticks,2
fresh strawberries,2
green cabbage,2
macaroni,2
penne,2
2% low-fat milk,2
fresh raspberry,2
sambal oelek,2
kale,2
parsley sprig,2
soya sauce,2
colby,2
Kitchen Bouquet,2
roasting chickens,2
dried parsley flakes,2
jumbo shrimp,2
mandarin oranges,2
Heinz Chili Sauce,2
boneless skinless chicken,2
watercress,2
radishes,2
salmon fillet,2
whole chickens,2
anchovy paste,2
fresh oregano,2
nonfat cheddar cheese,2
nonfat plain yogurt,2
white cornmeal,2
bacon drippings,2
seedless raisins,2
sea salt,2
lentils,2
warm water,2
linguine,2
cream-style cottage cheese,2
curry paste,2
dried yeast,2
coarse black pepper,2
mixed herbs,2
wild rice,2
rotini pasta,2
low-fat cream cheese,2
low fat cottage cheese,2
wheat germ,2
apple cider vinegar,2
habaneros,2
light rum,2
gelatin,2
navy beans,2
dried basil leaves,2
arborio rice,2
dijon-style mustard,2
orzo pasta,2
dried parsley,2
crystallized ginger,2
golden rum,2
pineapple tidbits,2
solid-pack pumpkin,2
red capsicum,2
light molasses,2
extra lean beef,2
kernel corn,2
head lettuce,2
snow peas,2
reduced sodium soy sauce,2
fresh bean sprouts,2
bulgur,2
hot red chili peppers,2
biscuit mix,2
masa harina,2
crushed red pepper flakes,2
beef burgers,2
very strong coffee,2
canned pumpkin,2
baking apples,2
savoy cabbage,2
low-fat buttermilk,2
hot green chili peppers,1
cardamom seed,1
mint leaf,1
ghee,1
fresh water,1
extra firm tofu,1
plain tomato juice,1
canned pimiento,1
haeo,1
black tea,1
star anise,1
nonfat dry milk solid,1
five-spice seasoning,1
beef eye round,1
ready-to-serve beef broth,1
frozen sugar snap peas,1
firm butter,1
white chocolate,1
boston lettuce leaves,1
almond paste,1
hot dry mustard,1
piloncillo cone,1
Nottingham dry yeast,1
buckwheat flour,1
powdered soy protein concentrate,1
green chili pepper,1
sweet butter,1
beef brisket,1
Brussels sprout,1
Brussels sprouts,1
country sausage,1
marshmallow creme,1
summer savory,1
fresh snow pea,1
grapefruit section,1
Italian pork sausage,1
egg tomatoes,1
yellow capsicum,1
mango powder,1
black salt,1
asafoetida powder,1
green serrano chilies,1
black cardamom pods,1
mint leaves,1
cajun-style stewed tomatoes,1
small potato,1
littleneck clams,1
Canadian bacon,1
dry white vermouth,1
bottled clam broth,1
baking potato,1
tart apples,1
tahini sesame butter,1
tofunaise,1
bacon bits,1
lamb chop,1
black-eyed peas,1
vegetable broth,1
frozen limeade concentrate,1
green apples,1
self rising flour,1
barbecued chicken,1
unsweetened pineapple slices,1
spring onions,1
DOLE&reg; Banana,1
amaretto liqueur,1
provolone cheese,1
tuna salad,1
salmon salad,1
Amish Friendship Starter,1
portabella mushroom caps,1
whole canned tomatoes,1
mango chutney,1
seasoned flour,1
chicken liver,1
dried funghi porcini,1
white mushrooms,1
madeira wine,1
bicarbonate of soda,1
dried ancho chiles,1
mild chili powder,1
hot chili powder,1
chimayo chili powder,1
chipotle paste,1
curry,1
frozen green pea,1
low-fat ricotta cheese,1
lowfat swiss cheese,1
croutons,1
unsweetened coconut,1
portabella mushroom,1
onion white,1
sun-dried tomatoes,1
lemon rind,1
bock beer,1
cake yeast,1
Budweiser beer,1
Hunts tomato sauce,1
bouillon,1
green ginger,1
dry linguine,1
chicken halves,1
clams,1
shiitake mushroom,1
cake tofu,1
arbol chile,1
lemon gelatin,1
cheddar cheese cubes,1
cranberries,1
unsalted cashews,1
unbleached all-purpose flour,1
unsalted shelled pistachios,1
maraschino cherry juice,1
instant nonfat dry milk powder,1
chocolate pudding mix,1
ice cream,1
chestnut puree,1
chicken giblets,1
cooked brown rice,1
spicy brown mustard,1
lemon-pepper seasoning,1
fresh sorrel,1
arugula,1
dried tarragon,1
green onion tops,1
tap water,1
sake,1
cooking sherry,1
lemon basil,1
egg white substitute,1
sweet sherry,1
habanero peppers,1
distilled vinegar,1
fresh dill weed,1
large shrimp,1
coarse salt,1
lemongrass,1
salt cod fish,1
fat salt pork,1
canned corn niblet,1
red leaf lettuce,1
dried black beans,1
hot Italian sausage,1
medium firm tofu,1
plain firm tofu,1
grapefruit,1
moist coconut,1
maraschino juice,1
soft shelled crabs,1
season salt,1
cream sherry,1
dark sweet red cherries,1
dark sweet cherries,1
cranberry juice,1
head of garlic,1
puff pastry sheets,1
chutney,1
long grain white rice,1
canned chicken broth,1
grape leaves,1
cod fish fillet,1
whole chicken,1
parsnips,1
olive oil-flavored vegetable cooking spray,1
reduced-fat sharp cheddar cheese,1
oregano sprig,1
skinless chicken breast half,1
flour tortilla,1
chunky peanut butter,1
great northern bean,1
great northern beans,1
salsa,1
dry basil leaves,1
dry oregano leaves,1
dry thyme leaves,1
fontina,1
creamy peanut butter,1
fresh cilantro stems,1
sea bass fillet,1
canned unsweetened coconut milk,1
bottled clam juice,1
serrano chili,1
tamarind pulp,1
raw red bell pepper,1
anaheim chilies,1
salad potatoes,1
spearmint,1
lime zest,1
quick-cooking tapioca,1
Monarch 151 rum,1
reduced-calorie margarine,1
skinless chicken breast halves,1
flat-leaf Italian parsley,1
canned mandarin oranges,1
grapes,1
dill pickle slices,1
french-style ladyfinger cookies,1
hazelnuts,1
espresso coffee,1
triple sec,1
fresh sweet potatoes,1
dark corn syrup,1
cider,1
raw sweet potato,1
Homemade Pie Crust,1
espresso blend coffee,1
frozen yogurt,1
mint sprigs,1
full-bodied red wine,1
light-brown sugar,1
lime slice,1
low calorie sweetener,1
dry instant coffee,1
fresh coffee,1
chopped tomato,1
fat-free ricotta cheese,1
fat free mozzarella cheese,1
fat free egg substitute,1
gala apples,1
corn kernel,1
lime peel,1
dried tart cherry,1
pistachio nuts,1
toasted hazelnuts,1
tortillas,1
apricot puree,1
rosemary sprigs,1
dried lentils,1
cooked basmati rice,1
unbleached white flour,1
fine semolina,1
lemon peel,1
instant coffee granules,1
instant espresso powder,1
pork sausage,1
yellow onions,1
extra thick Cool Whip topping,1
malt vinegar,1
low-fat milk,1
real vanilla extract,1
ladyfinger,1
strawberry syrup,1
red raspberries,1
Italian-style tomatoes,1
dry bow tie pasta,1
red kidney beans,1
white kidney beans,1
dry pasta shell macaroni,1
calvados,1
roma tomato,1
purple onion,1
mild paprika,1
ginger powder,1
crunchy peanut butter,1
smoked bacon,1
trassi oedang,1
curcumae,1
stuffed green olive,1
dried leaf thyme,1
kielbasa,1
pineapple instant pudding,1
angel flake coconut,1
dry vermouth,1
chile,1
coconut cream,1
stone ground mustard,1
miniature pear tomato,1
thick cut orange marmalade,1
sultanas,1
demerara sugar,1
habanero pepper,1
good local honey,1
quick oats,1
garlic heads,1
brown button mushrooms,1
fresh apricot,1
head cauliflower,1
scallops,1
swordfish steaks,1
tuna steaks,1
fresh lemon zest,1
leg of lamb,1
frozen baby lima beans,1
grapefruits,1
extra-dry vermouth,1
soy margarine,1
greens,1
skim milk yogurt,1
light mayonnaise,1
boiling potatoes,1
head of lettuce,1
cheese slices,1
fresh cracked pepper,1
low-fat sharp cheddar cheese,1
Kraft Healthy Favorites Fat Free Cheddar,1
processed cheese,1
Japanese soy sauce,1
no. 1 onions,1
sausage meat,1
pimento pepper,1
calorie-reduced mayonnaise,1
fresh crabmeat,1
green lentils,1
oil-cured black olive,1
minced garlic clove,1
green tomatoes,1
whole cardamom pod,1
whole black peppercorn,1
green peppercorn,1
small whole potatoes,1
canned whole kernel corn,1
Chinese hot mustard,1
fresh rosemary leaf,1
canned plum tomatoes,1
fresh cilantro leaves,1
green tomato,1
lemon low fat yogurt,1
fresh raspberries,1
frozen unsweetened raspberries,1
treacle,1
dark raisin,1
raw wild rice,1
fresh ripe pineapple,1
elderberry juice,1
cherry gelatin,1
colby-monterey jack cheese,1
plum jam,1
instant flour,1
gruyere cheese,1
lima beans,1
roasted pistachios,1
Spanish olive oil,1
saffron threads,1
creme fraiche,1
clear broth,1
Lawry's Seasoned Pepper,1
Italian parsley,1
fresh ground black pepper,1
salmon,1
canned chanterelles,1
Noilly Prat,1
broad beans,1
wheat flour,1
fresh white mushrooms,1
sweet vermouth,1
hash brown potatoes,1
cardamom,1
raw red cabbage,1
raw green cabbage,1
raw spinach leaves,1
tahini,1
beef mince,1
white mushroom,1
baby chickens,1
juice of,1
elderflower heads,1
raw cranberries,1
dry wasabi,1
black sesame seeds,1
kirby cucumber,1
chicken thigh fillets,1
fresh coriander leaves,1
bing cherries,1
Grey Poupon Dijon Mustard,1
top round steaks,1
sour dill pickle,1
fresh yeast,1
hard apple cider,1
crawfish,1
Lea & Perrins Worcestershire Sauce,1
baby green peas,1
compressed yeast,1
canning salt,1
mustard seeds,1
celery seeds,1
poultry seasoning,1
beetroots,1
tart dessert apple,1
light sour cream,1
fresh compressed yeast,1
4 grain bread flour,1
chicken tenderloins,1
russet potatoes,1
reduced sodium ketchup,1
mild curry powder,1
fresh marjoram,1
fryer chickens,1
instant chicken bouillon granules,1
sweet unsalted butter,1
cooking onion,1
brazil nut,1
coffee beans,1
frozen green beans,1
candied ginger,1
white flour tortillas,1
wheat flour tortillas,1
hot paprika,1
chicken piece,1
curry leaf,1
green chili,1
coriander leaves,1
sweet peppers,1
sunflower seeds,1
herb stuffing mix,1
tofu,1
silken tofu,1
limes,1
chicken bouillon mix,1
beef liver,1
canned black beans,1
lemon wedges,1
buttermilk baking mix,1
beef stew meat,1
dark muscovado sugar,1
prune filling,1
dry milk,1
queen anne cherries,1
chicken leg meat,1
Japanese sake,1
dried mint flakes,1
French lentils,1
Bulgar wheat,1
garlic-flavored red wine vinegar,1
white rum,1
salt pork,1
button mushroom,1
kidney bean,1
pasta,1
black walnuts,1
shiitake mushrooms,1
red currant jelly,1
white potatoes,1
Hellmanns Mayonnaise,1
yellow mustard,1
sweet basil,1
quick-cooking oats,1
fresh parmesan cheese,1
rigatoni pasta,1
unsmoked bacon,1
chicken breast fillets,1
canned Italian tomatoes,1
cheese spread,1
farina,1
sweet plums,1
dry white bean,1
ham hocks,1
sweet onion,1
green chili peppers,1
8-inch flour tortillas,1
10-inch flour tortillas,1
dried pinto bean,1
raw rice,1
vermouth,1
nonfat parmesan cheese,1
fennel seed,1
skinless chicken thighs,1
dried cherries,1
broth,1
squash,1
beef tenderloin steaks,1
boneless beef top loin steaks,1
mostaccioli pasta,1
mirin,1
alum,1
Thai red curry paste,1
beef sirloin steaks,1
frozen chopped spinach,1
artichoke hearts,1
reduced-sodium chicken broth,1
instant chocolate pudding mix,1
dry basil,1
ziti pasta,1
frozen broccoli,1
parsnip,1
london broil beef,1
green apple,1
red apple,1
German chocolate bar,1
pearl barley,1
jumbo lump crab meat,1
aged white cheddar cheese,1
gorgonzola,1
I Can't Believe It's Not Butter Fat Free,1
frozen coconut milk,1
fresh yeast cake,1
fennel powder,1
chicken legs,1
yoghurt,1
fresh onion,1
dry parmesan cheese,1
Pepperidge Farm stuffing,1
boneless skinless chicken breast half,1
chicken breast half,1
queso fresco,1
jalapeno chiles,1
lean beef chuck,1
fresh bean sprout,1
rice wine,1
barbecued pork,1
quick-cooking white rice,1
haddock fillets,1
dried fine herb,1
anise seeds,1
celery root,1
celeriac,1
regular grind coffee,1
lemon pepper seasoning mix,1
chicken cutlets,1
herb-seasoned salt,1
pineapple chunks in juice,1
sweetened condensed milk,1
coconut flakes,1
Chinese chili sauce,1
green onions with tops,1
unsweetened pineapple,1
quick-cooking oatmeal,1
liquid smoke,1
Chinese wine,1
new potato,1
red Italian tomatoes,1
duck,1
black soy sauce,1
sliced water chestnuts,1
oyster sauce,1
roasted unsalted peanuts,1
fruit chutney,1
long-grain white rice,1
cooked rice,1
cashew pieces,1
frozen English peas,1
craisins,1
oats,1
red apples,1
chicken fillets,1
rhubarb,1
cold water,1
grits,1
tarragon vinegar,1
filet of beef,1
flank of beef,1
double-acting baking powder,1
chili pepper,1
beef flank steak,1
boneless pork,1
marmalade,1
Greek feta cheese,1
creamed shortening,1
cauliflower head,1
mashed potatoes,1
capers,1
hash browns,1
bok choy,1
fresh pumpkin,1
unsweetened applesauce,1
fresh lemon rind,1
ground cloves,1
ground cinnamon,1
chicken bouillon granules,1
raw chicken,1
rindless smoked streaky bacon,1
turnips,1
other green loose-leafed cabbage,1
white cheddar cheese,1
ground pork,1
tuna in water,1
frozen green peas,1
fresh zucchini,1
masa harina mix,1
reduced-fat monterey jack cheese,1
light margarine,1
dried chipotle chiles,1
canned chipotle chile puree,1
tortilla chip strips,1
light cherry pie filling,1
Pernod,1
pastis,1
anise seed,1
herb seasoning mix,1
red cabbage,1
sugar water,1
black dates,1
white grape wine,1
wine,1
cooking wine,1
frozen okra,1
white corn,1
apricot gelatin,1
low-sodium instant chicken bouillon granules,1
anchovy,1
lamb shanks,1
sugar snap pea,1
fine rolled oats,1
solid-type fat-free margarine,1
pourable fat-free margarine,1
sweet Hungarian paprika,1
dried savory,1
beef bouillon cubes,1
yellow chile,1
ground beef round,1
diced tomatoes with green chilies,1
ground coriander,1
adobo sauce,1
ground turmeric,1
vegetable marrow,1
fresh peas,1
whole toasted hazelnuts,1
roasted sichuan peppercorn,1
round tip steak,1
fresh spinach leaves,1
active compressed yeast,1
fresh sorrel leaves,1
dried rosemary leaves,1
Meyer's dark rum,1
celery leaves,1
boneless beef top sirloin steaks,1
single strength beef broth,1
other sweet onion,1
prepared honey-dijon barbecue sauce,1
spaghetti squash,1
wild fennel,1
Rotel Tomatoes,1
diced tomatoes,1
oleo,1
frozen lemon juice,1
suet,1
self-raising flour,1
vegetable suet,1
beef suet,1
custard,1
idaho baking potatoes,1
beef round tip steak,1
red chili peppers,1
reduced-sodium soy sauce,1
boneless beef top sirloin steak,1
dill sprigs,1
walnut halves,1
hot chili pepper,1
low-fat coconut milk,1
another sweetener,1
instant garlic,1
hot chili sauce,1
tangerine,1
dried mint,1
lady savoiardi,1
strong rich coffee,1
best olive oil,1
Contadina tomato sauce,1
Contadina tomato paste,1
mild Italian sausage,1
rolled roast beef,1
ground pepper,1
cantaloupe,1
fat free tortillas,1
fat free sour cream,1
nonfat beef broth,1
